landmark_id,node_id,snap_distance_m,mapping_status,mapping_confidence,network_version,feature_name,is_refuge_candidate,verification_status
989bcf3ce180ae92532b2d09,node_34b74cf6a1b7ee53e322,42.736,MANUAL_REVIEW,MEDIUM,cceb975fc0c92f16f660,AAMI Park,false,NOT_ASSESSED
b576b3822c1284ab998503a3,node_9816b936df5aa43e387d,15.575,AUTO,HIGH,cceb975fc0c92f16f660,ANZ 'Gothic' Bank,false,NOT_ASSESSED
ea40efc1f181c0943d97b001,node_93c06337969d108fea4d,22.537,AUTO,HIGH,cceb975fc0c92f16f660,Alexandra Gardens,true,CATEGORY_INFERRED
660f4cac353be3eeefbba110,node_bb5aed90e558823d0606,70.447,MANUAL_REVIEW,MEDIUM,cceb975fc0c92f16f660,Alfred Hospital,false,NOT_ASSESSED
7727df2d66f376af22879b4b,node_3ed492a039b887a23072,8.41,AUTO,HIGH,cceb975fc0c92f16f660,All Nations Uniting Church,false,NOT_ASSESSED
578ce3515fd833699b831cdf,node_80012ae472cc365a4db1,33.68,MANUAL_REVIEW,MEDIUM,cceb975fc0c92f16f660,Argyle Square,true,CATEGORY_INFERRED
eca397f87b4789ab36722a0b,node_6212b2cedb54c793d3a3,11.643,AUTO,HIGH,cceb975fc0c92f16f660,Artplay,false,NOT_ASSESSED
8cb896c88260cd8638c177e8,node_3c1de7054bb6e9737c23,11.615,AUTO,HIGH,cceb975fc0c92f16f660,Athanaeum Theatre,false,NOT_ASSESSED
1fee94aad63f57cf21a75255,node_231d2c5bec874de59965,19.952,AUTO,HIGH,cceb975fc0c92f16f660,Australian Broadcasting Corporation (ABC),false,NOT_ASSESSED
5d95df2d00cc619c917eae96,node_5a3d10682b985f5c7722,16.437,AUTO,HIGH,cceb975fc0c92f16f660,Australian Centre For The Moving Image (ACMI),false,CATEGORY_INFERRED
ccbc8e72ba9ed92ef6551042,node_731b417411a2c5d3c545,8.666,AUTO,HIGH,cceb975fc0c92f16f660,Australian Centre for Contemporary Art,false,CATEGORY_INFERRED
2409a6ecff4e5da3bd5b1cc9,node_b2f3b55caf79edefb1b6,2.784,AUTO,HIGH,cceb975fc0c92f16f660,Australian Red Cross,false,NOT_ASSESSED
0ddbb39093957b558be003ce,node_3fc18b9e3a2e419bbe8a,4.472,AUTO,HIGH,cceb975fc0c92f16f660,BIO 21 Institute,false,NOT_ASSESSED
6b84c2873e872e464db53337,node_87f6b34ef575cfafc23c,8.171,AUTO,HIGH,cceb975fc0c92f16f660,Batman Park,true,CATEGORY_INFERRED
473f7e25cdc9a7d0155493bf,node_cb377bf6a2114e5cda23,7.697,AUTO,HIGH,cceb975fc0c92f16f660,Birrarung Marr,true,CATEGORY_INFERRED
4ed1d8d2253fe680e1280e2e,node_8a3ce61a57a4413c2493,16.778,AUTO,HIGH,cceb975fc0c92f16f660,Bishopscourt,false,NOT_ASSESSED
693dfe02273cb85809e6c3d5,node_5cdb47d4b3402418abf7,11.751,AUTO,HIGH,cceb975fc0c92f16f660,Carlton Baths,false,NOT_ASSESSED
9b2ab1541768b389878ba7cf,node_c765005bf3802ddfd1bb,7.91,AUTO,HIGH,cceb975fc0c92f16f660,Carlton Courthouse Theatre,false,NOT_ASSESSED
8b877e0960e5dfb734d197cc,node_210f77879716fa5c179e,36.049,MANUAL_REVIEW,MEDIUM,cceb975fc0c92f16f660,Carlton Football Club,false,NOT_ASSESSED
a21aa990a72bd91422e1b1da,node_bd81898aa5dc30616495,21.985,AUTO,HIGH,cceb975fc0c92f16f660,Carlton Gardens North,true,CATEGORY_INFERRED
dc0a9ae7990e1f9ae117adfc,node_65a5dc678c8cc47aac3a,13.468,AUTO,HIGH,cceb975fc0c92f16f660,Carlton Gardens Primary School,false,NOT_ASSESSED
d66f7508be94803352ba3392,node_91bbeeda2e2ca43a654d,25.802,AUTO,HIGH,cceb975fc0c92f16f660,Carlton Gardens South,true,CATEGORY_INFERRED
19d9466373d286a9cf8ead23,node_d608b8dedf90d02e8280,22.573,AUTO,HIGH,cceb975fc0c92f16f660,Carlton Primary School,false,NOT_ASSESSED
c304846f33af398877d68ca0,node_d983934fe911965bcfdb,16.444,AUTO,HIGH,cceb975fc0c92f16f660,Central City Studios,false,NOT_ASSESSED
2acd946e032c6695fd14cf30,node_590e43b55684f23b8c56,7.96,AUTO,HIGH,cceb975fc0c92f16f660,Central Pier,false,NOT_ASSESSED
e69a1bb22b9efb80b0d4cfc1,node_1bb2e5f9d99fbded863a,21.947,AUTO,HIGH,cceb975fc0c92f16f660,Channel 7 - Melbourne Broadcast Centre,false,NOT_ASSESSED
42ba7d6261aca72d4a31e9e4,node_5cb38d5aac9f6a67364e,5.972,AUTO,HIGH,cceb975fc0c92f16f660,Christ Church Kensington,false,NOT_ASSESSED
fa4e76d3767958c3d8e93059,node_ed5a9c2e014c3e22e6f8,13.317,AUTO,HIGH,cceb975fc0c92f16f660,Church of Christ,false,NOT_ASSESSED
25fafdd354d044400fc0bb1f,node_9f00a4d8abf75eac995b,8.731,AUTO,HIGH,cceb975fc0c92f16f660,City Baths,false,NOT_ASSESSED
d86e91090afedc10e3eb5c97,node_6722fa10c2c1aaa3c7a3,9.711,AUTO,HIGH,cceb975fc0c92f16f660,Collins Street Baptist Church,false,NOT_ASSESSED
b7867f89cf9dfe02c4371997,node_eb5db1bf9181ed0c2566,7.025,AUTO,HIGH,cceb975fc0c92f16f660,Comedy Theatre,false,NOT_ASSESSED
3ed36f36fe57444afd23462b,node_4938af26b0512114622a,7.855,AUTO,HIGH,cceb975fc0c92f16f660,Commonwealth Law Courts,false,CATEGORY_INFERRED
f2706258f1ef4a9053c7d580,node_8e9521a0e4db5f9054c2,9.106,AUTO,HIGH,cceb975fc0c92f16f660,Conservatory,false,CATEGORY_INFERRED
fe4d96be2c66f64333f3fbde,node_bfe4ee677ad4b2a3688e,5.563,AUTO,HIGH,cceb975fc0c92f16f660,Cooks' Cottage,false,CATEGORY_INFERRED
1fba0ad7c91f32038f44c980,node_47e9c51e52f4a0045bcf,15.325,AUTO,HIGH,cceb975fc0c92f16f660,Coronial Services Centre of Victoria,false,NOT_ASSESSED
4c4fbb98442927119db78f15,node_3a05f9d7f184d70e645b,2.619,AUTO,HIGH,cceb975fc0c92f16f660,Council House 2 (CH2),false,NOT_ASSESSED
7c7935ab32c6a1f754847f49,node_62f59c7707393aacb3f8,21.346,AUTO,HIGH,cceb975fc0c92f16f660,County Court Melbourne,false,CATEGORY_INFERRED
457823bb155c2d0cb570d9fa,node_5e23d0e5d717eeddcb54,16.922,AUTO,HIGH,cceb975fc0c92f16f660,Crown Entertainment Complex,false,NOT_ASSESSED
d76339e655fb728e8e0d4808,node_59fa435b511cee82836d,7.102,AUTO,HIGH,cceb975fc0c92f16f660,DFO South Wharf,false,NOT_ASSESSED
7fe95949ce1d811b89d171c1,node_23aee13fbdb4740a84eb,29.144,AUTO,HIGH,cceb975fc0c92f16f660,Dallas Brooks Centre,false,NOT_ASSESSED
eadeeb9eeb7ace26aeff1da8,node_a2f880d97a1187409c43,18.647,AUTO,HIGH,cceb975fc0c92f16f660,Darling Square,true,CATEGORY_INFERRED
a8c50bd72b0ab25c54d74653,node_736e498be4707acf8ca0,2.233,AUTO,HIGH,cceb975fc0c92f16f660,David Jones,false,NOT_ASSESSED
4c8c908e7e0f631d1eb1ed73,node_1dfcb8cb8c064499c1ab,1.676,AUTO,HIGH,cceb975fc0c92f16f660,Docklands Park,true,CATEGORY_INFERRED
7876cdb93f3eacb91afb5aad,node_efbcf87f6c0ae773a2b8,31.977,MANUAL_REVIEW,MEDIUM,cceb975fc0c92f16f660,Donor Tissue Bank of Victoria,false,NOT_ASSESSED
246c4dbc8cb74601bed8901b,node_3679069354da96576334,10.018,AUTO,HIGH,cceb975fc0c92f16f660,East Melbourne Synagogue,false,NOT_ASSESSED
78f2c70e383c9952bc706b35,node_3b88e736467fa931c0e1,16.696,AUTO,HIGH,cceb975fc0c92f16f660,Elisabeth Murdoch Hall,false,CATEGORY_INFERRED
07d7da2739030bb110c2e193,node_cb466c697bf78a42cb50,27.226,AUTO,HIGH,cceb975fc0c92f16f660,Enterprize Park,true,CATEGORY_INFERRED
fe1d3bf4fb6db4e7d2e2b9ea,node_a368e428e29815d464bf,34.922,MANUAL_REVIEW,MEDIUM,cceb975fc0c92f16f660,Epworth Freemasons Hospital,false,NOT_ASSESSED
56a40a89163c8ea0650a7142,node_f439f5cf124a689904f4,10.225,AUTO,HIGH,cceb975fc0c92f16f660,Epworth Freemasons Hospital : Medical Centre,false,NOT_ASSESSED
10f82749336620c150dbd207,node_3d89ace20c02430edb83,43.86,MANUAL_REVIEW,MEDIUM,cceb975fc0c92f16f660,Etihad Stadium,false,NOT_ASSESSED
e6c1224e52c0987d2aee9690,node_d72359540c7532abb3a7,7.122,AUTO,HIGH,cceb975fc0c92f16f660,Eureka Skydeck 88,false,NOT_ASSESSED
77e5b4e0bcb220efab077109,node_d6e0c62bcf021bdf1fa4,8.393,AUTO,HIGH,cceb975fc0c92f16f660,Eureka Tower,false,NOT_ASSESSED
2aafb48ef600811cc3ebcd6d,node_82467204d99b179f3d11,16.782,AUTO,HIGH,cceb975fc0c92f16f660,FairFax Studio,false,NOT_ASSESSED
111582c1422b53b1c2466881,node_21e47bf0a8bc66049c22,42.758,MANUAL_REVIEW,MEDIUM,cceb975fc0c92f16f660,Fawkner Park,true,CATEGORY_INFERRED
8c4952e8afb5cd4ade57c371,node_e0bff3803af4eecfdf7e,17.795,AUTO,HIGH,cceb975fc0c92f16f660,Federation Square,true,CATEGORY_INFERRED
28050c65098c984de02783d5,node_5174b351ae578fa186d6,13.113,AUTO,HIGH,cceb975fc0c92f16f660,Fire Services Museum Victoria,false,CATEGORY_INFERRED
98949fce14ca7fe8c9a61792,node_2eeffade2e164c83f51a,0.004,AUTO,HIGH,cceb975fc0c92f16f660,Fitzroy Gardens,true,CATEGORY_INFERRED
10da4ec6aa0e3092ed724531,node_4c38083e8008ca5f310c,20.585,AUTO,HIGH,cceb975fc0c92f16f660,Flagstaff Gardens,true,CATEGORY_INFERRED
2e71f5eb9b3186055a9384a2,node_f1c1be0da10b637b9783,4.419,AUTO,HIGH,cceb975fc0c92f16f660,Flagstaff Railway Station,false,NOT_ASSESSED
ec38094b76e7a36667c9b50a,node_8735335433269c8e8a64,7.948,AUTO,HIGH,cceb975fc0c92f16f660,Flagstaff Railway Station,false,NOT_ASSESSED
965ba4ac66b4b71081a1a2d1,node_ae3e30c5b3a290715f3e,12.737,AUTO,HIGH,cceb975fc0c92f16f660,Flemington Bridge Railway Station,false,NOT_ASSESSED
6aaf41b1cb3b6ccea6242c28,,199.337,UNMAPPED,LOW,cceb975fc0c92f16f660,Flemington Racecourse,false,NOT_ASSESSED
2e168447136f4f3552c7fecc,,149.059,UNMAPPED,LOW,cceb975fc0c92f16f660,Flemington Racecourse Railway Station,false,NOT_ASSESSED
27ec5e51c98c198382249e01,node_135dbc58bf040a582559,10.492,AUTO,HIGH,cceb975fc0c92f16f660,Flinders Street Railway Station,false,NOT_ASSESSED
94465de8ccbb57a5dd37ee2c,node_a7b79a0bafab1b2de19c,2.866,AUTO,HIGH,cceb975fc0c92f16f660,Former Royal Mint,false,NOT_ASSESSED
ea187a6995d4f05ced181f38,node_880f784bd3dc4dd42106,0.004,AUTO,HIGH,cceb975fc0c92f16f660,Forum Theatre,false,NOT_ASSESSED
2309a85d76be70c54e10e3ea,node_91762771809e411af78e,8.617,AUTO,HIGH,cceb975fc0c92f16f660,Fox Classic Car Collection,false,CATEGORY_INFERRED
401d287a5f2e15abfc10d185,node_0a65bc53dbdb2efd8ccf,30.935,MANUAL_REVIEW,MEDIUM,cceb975fc0c92f16f660,Freshwater Place,false,NOT_ASSESSED
08826803e0b94437efa68544,node_b8eb5065e1fd225827c0,31.055,MANUAL_REVIEW,MEDIUM,cceb975fc0c92f16f660,Government House,false,NOT_ASSESSED
495b18ad7ecaf761bd0ff410,node_968cd2f637b49bfcb8f1,7.343,AUTO,HIGH,cceb975fc0c92f16f660,Greek Orthodox Church,false,NOT_ASSESSED
5f08ef5b9a4549320db6b03f,node_1bbd229cc7b2dada1615,15.709,AUTO,HIGH,cceb975fc0c92f16f660,Hamer Hall,false,NOT_ASSESSED
0298dcac968f833e4d9db0f8,node_04b74456a42d11d8fc4c,17.739,AUTO,HIGH,cceb975fc0c92f16f660,Harbour Town,false,NOT_ASSESSED
5ad98b3d4479123a5b3ac0d2,node_097cae674ac3b246e881,6.943,AUTO,HIGH,cceb975fc0c92f16f660,Her Majesty's Theatre,false,NOT_ASSESSED
6ab0c70d87b7add313d4315e,node_8d3ece7e54ac9d9f47c1,31.826,MANUAL_REVIEW,MEDIUM,cceb975fc0c92f16f660,Hisense Arena,false,NOT_ASSESSED
19c9eb4b8e30d3a494484a3d,node_0d979bfa5a996fa5544c,12.367,AUTO,HIGH,cceb975fc0c92f16f660,Holy Rosary,false,NOT_ASSESSED
0f6d250b3b35ff4cf996c88e,node_43bb8c2cdd92d70238a9,9.375,AUTO,HIGH,cceb975fc0c92f16f660,Holy Trinity,false,NOT_ASSESSED
065a6a34f2bc2b1b086e4a52,node_3c760ec143056927a469,25.001,AUTO,HIGH,cceb975fc0c92f16f660,IMAX Melbourne,false,NOT_ASSESSED
9e4ff0e75cb8869aeee21817,node_965770cab17cfe37845b,6.698,AUTO,HIGH,cceb975fc0c92f16f660,Icehouse,false,NOT_ASSESSED
38970dd8d0be1268d756766a,node_7600121f852e6c874ba0,16.396,AUTO,HIGH,cceb975fc0c92f16f660,Immigration Museum,false,CATEGORY_INFERRED
db2bb9616f5146a3b4b9e700,node_0eaed129b82c131e266d,37.382,MANUAL_REVIEW,MEDIUM,cceb975fc0c92f16f660,J.J Holland Park,true,CATEGORY_INFERRED
ecf3de8bebf55585236e84c5,node_4b7a8825322d199e5bf4,16.873,AUTO,HIGH,cceb975fc0c92f16f660,Jolimont-MCG Railway Station (East Melbourne) - Train stop,false,NOT_ASSESSED
a87b86dfae6dfffdb2947910,node_d6ad1170f77e1dc94027,45.818,MANUAL_REVIEW,MEDIUM,cceb975fc0c92f16f660,Kangan Batman Tafe,false,NOT_ASSESSED
c1b2fdda67cbb2db0906ee60,node_1e4564d25183047a6aa8,12.339,AUTO,HIGH,cceb975fc0c92f16f660,Kensington Primary School,false,NOT_ASSESSED
38b24c6ee18d5b92d3877ed8,node_3344ec936a28d723fcab,3.295,AUTO,HIGH,cceb975fc0c92f16f660,Kensington Railway Station,false,NOT_ASSESSED
da8ff7734eb909dc85059980,node_6997a3bb79a68de56d1e,24.795,AUTO,HIGH,cceb975fc0c92f16f660,Kings Domain,true,CATEGORY_INFERRED
b8256c9ef09ea9d7429417af,node_1de329356997a47a9194,7.153,AUTO,HIGH,cceb975fc0c92f16f660,Koorie Heritage Trust Inc,false,CATEGORY_INFERRED
d80d98bbf59eb64c2bce1904,node_1c629d5eb2bfceae3af2,36.46,MANUAL_REVIEW,MEDIUM,cceb975fc0c92f16f660,Kraft,false,NOT_ASSESSED
8b09821cbfe4c524ac936000,node_4edad3283ad2dc06570c,13.358,AUTO,HIGH,cceb975fc0c92f16f660,La Mama Theatre,false,NOT_ASSESSED
41b75f864f1640d2334b00e6,node_e8b7830ca6f63d28121a,35.943,MANUAL_REVIEW,MEDIUM,cceb975fc0c92f16f660,Lincoln Square,true,CATEGORY_INFERRED
baa0372028ff7eda16cc7db4,node_8fd14f4a5e34acd305cc,15.803,AUTO,HIGH,cceb975fc0c92f16f660,Lutheran Trinity Church,false,NOT_ASSESSED
d1ceeb896227b74242046db3,node_ae62f6c23106c5c3483b,15.642,AUTO,HIGH,cceb975fc0c92f16f660,MTC Theatre,false,NOT_ASSESSED
0ed82f24e2ef4e8faed51c25,node_307ce08705012605ff83,6.036,AUTO,HIGH,cceb975fc0c92f16f660,Macarthur Square,true,CATEGORY_INFERRED
b64c1a676cc62eef3178c2f3,node_52a0662463fc038ab476,11.404,AUTO,HIGH,cceb975fc0c92f16f660,Macaulay Railway Station (North Melbourne) - Train stop,false,NOT_ASSESSED
55ac44101109d0b71f9f9c5d,node_85e3a182b504fae18344,5.781,AUTO,HIGH,cceb975fc0c92f16f660,Malthouse Theatre,false,NOT_ASSESSED
ce244abcfb4712329659497a,node_605da3f9c357b647efd0,27.687,AUTO,HIGH,cceb975fc0c92f16f660,Margaret Court Arena,false,NOT_ASSESSED
e502310b95841706d6fe090d,node_4fb804218b33b9ef2fd7,29.084,AUTO,HIGH,cceb975fc0c92f16f660,Melbourne Aquarium,false,NOT_ASSESSED
2fe2dcc54c5b66104e4ae4c2,node_4f684a34b88adce47078,3.597,AUTO,HIGH,cceb975fc0c92f16f660,Melbourne Central,false,NOT_ASSESSED
35c5df40ea05ac794d086274,node_9aefbe45992db7077586,4.051,AUTO,HIGH,cceb975fc0c92f16f660,Melbourne Central Railway Station,false,NOT_ASSESSED
37bdf239fb08d2c696c3754e,node_15d4b56fd743031aafa8,2.252,AUTO,HIGH,cceb975fc0c92f16f660,Melbourne Central Railway Station,false,NOT_ASSESSED
6b592cdd5283511675ca6513,node_8217b2052d3569ea365c,6.593,AUTO,HIGH,cceb975fc0c92f16f660,Melbourne Central Railway Station,false,NOT_ASSESSED
e6c989514d539c57e6bf2cc1,node_e6575fdcc8e79bb02fa5,8.59,AUTO,HIGH,cceb975fc0c92f16f660,Melbourne Central Railway Station,false,NOT_ASSESSED
20d3d3a124401fd0c04d52b0,node_5be175c25cd335914fcf,9.634,AUTO,HIGH,cceb975fc0c92f16f660,Melbourne Childrens Court,false,CATEGORY_INFERRED
c38b27ad1e9c72bf9aa402c0,node_fb651f713109b8151a15,47.709,MANUAL_REVIEW,MEDIUM,cceb975fc0c92f16f660,Melbourne Convention Centre,false,NOT_ASSESSED
060733117fdba1f7487abb79,node_ed03af70f1fb70979d72,49.603,MANUAL_REVIEW,MEDIUM,cceb975fc0c92f16f660,Melbourne Cricket Ground (MCG),false,NOT_ASSESSED
ccd9f8c3c74f9c150126dd15,node_c21c248d736855001796,36.411,MANUAL_REVIEW,MEDIUM,cceb975fc0c92f16f660,Melbourne Exhibition Centre,false,NOT_ASSESSED
1d8a61abbfe6e56e22db7d28,node_925164b1ad622f6ebfb9,13.06,AUTO,HIGH,cceb975fc0c92f16f660,Melbourne General Cemetery,false,NOT_ASSESSED
44c2d0da342c78dbc9cb7316,node_e9de61c2d1566909604b,9.103,AUTO,HIGH,cceb975fc0c92f16f660,Melbourne Girls Grammar School,false,NOT_ASSESSED
bb176209a3bb23c50ecf61c3,node_9e9bc7908174f7567276,21.756,AUTO,HIGH,cceb975fc0c92f16f660,Melbourne Grammar School,false,NOT_ASSESSED
9540c3410a8d125dc2cf2cd5,node_80d4e9de74c156a3ba6d,41.758,MANUAL_REVIEW,MEDIUM,cceb975fc0c92f16f660,Melbourne International Karting Complex,false,NOT_ASSESSED
38d34bdf060e4d82457c052a,node_42e5e0c7c9541c95157f,33.344,MANUAL_REVIEW,MEDIUM,cceb975fc0c92f16f660,Melbourne International Shooting Club,false,NOT_ASSESSED
4e77e5f308961047906b55fe,node_0160baed64e903c43e31,9.883,AUTO,HIGH,cceb975fc0c92f16f660,Melbourne Magistrates Court,false,NOT_ASSESSED
e73a2a2552546e3340d4f220,node_e2fd6c47e1f2f23813f1,35.839,MANUAL_REVIEW,MEDIUM,cceb975fc0c92f16f660,Melbourne Museum,false,CATEGORY_INFERRED
d6e7380034a35eaa264beaad,node_384e7e8b2e2e47f525d7,19.795,AUTO,HIGH,cceb975fc0c92f16f660,Melbourne Park,false,NOT_ASSESSED
3153853e368daf66abf03e44,node_0994958ab33a5e5c4ac6,7.769,AUTO,HIGH,cceb975fc0c92f16f660,Melbourne Private Hospital,false,NOT_ASSESSED
3a455a000ff965735a2f1a1a,node_b5b330fbe9be030a54ed,12.941,AUTO,HIGH,cceb975fc0c92f16f660,Melbourne Recital Centre,false,CATEGORY_INFERRED
e3b4693aed3bda3d76eb6121,node_99057c993014064b3fdc,68.928,MANUAL_REVIEW,MEDIUM,cceb975fc0c92f16f660,Melbourne Showgrounds,false,NOT_ASSESSED
94c2f74471bd2ba62c6c5054,node_5516c395ba18ac7006ca,12.798,AUTO,HIGH,cceb975fc0c92f16f660,Melbourne Star Observation Wheel,false,NOT_ASSESSED
3896dc5c78294363b658e3a1,node_9b9a40c2183fc5e33ed6,17.808,AUTO,HIGH,cceb975fc0c92f16f660,Melbourne Theatre Company,false,CATEGORY_INFERRED
6a045a771d76f0c1b70ff8f0,node_b261c28ed5a530a18e2e,3.343,AUTO,HIGH,cceb975fc0c92f16f660,Melbourne Town Hall,false,CATEGORY_INFERRED
8061d012b9f25818b09f2aa3,node_d6dd07fc94f78166ad61,8.523,AUTO,HIGH,cceb975fc0c92f16f660,Melbourne Unitarian Church,false,NOT_ASSESSED
2ad2d4367c9f5ccb16260287,node_fa35d032185351748e6a,6.7,AUTO,HIGH,cceb975fc0c92f16f660,Melbourne Visitor Booth,false,NOT_ASSESSED
61ec6851b63a100919695dfb,node_34969fbb56b06f6a3fe0,11.704,AUTO,HIGH,cceb975fc0c92f16f660,Melbourne Visitor Centre,false,NOT_ASSESSED
dc6efa35a01a1acd79410d74,node_94e267cbb8f51e4f146a,28.689,AUTO,HIGH,cceb975fc0c92f16f660,Melbourne Wholesale Fish Market,false,NOT_ASSESSED
cda5a29c2933c58b8c0dee23,node_8676398debb012e4e77b,28.851,AUTO,HIGH,cceb975fc0c92f16f660,"Melbourne Wholesale Fruit, Vegetable & Flower Market",false,NOT_ASSESSED
2aa4b1b45339d5f72a10330f,node_c2f0213e204b135eb46b,18.675,AUTO,HIGH,cceb975fc0c92f16f660,Melbourne Zoo,false,NOT_ASSESSED
d38b0a8f89751294c2821e60,node_e2c5daafc4a71c9c7b8a,5.015,AUTO,HIGH,cceb975fc0c92f16f660,Mercy Private Hospital,false,NOT_ASSESSED
7175d3064737c4e892148698,node_ef46e8278776752b8477,14.132,AUTO,HIGH,cceb975fc0c92f16f660,Metropolitan Fire Brigade (MFB),false,NOT_ASSESSED
e5bde9db11cfd022f85ca4b2,node_41344bfd1b02891f77dc,6.66,AUTO,HIGH,cceb975fc0c92f16f660,Murchinson Square,true,CATEGORY_INFERRED
7f18e098e0853e08903e522b,node_5a5850c77e36ee20f848,16.383,AUTO,HIGH,cceb975fc0c92f16f660,Myer,false,NOT_ASSESSED
95c89320ba1bd48c436ba910,node_5fb3629c7275bfcc77f0,23.685,AUTO,HIGH,cceb975fc0c92f16f660,NGV International,false,CATEGORY_INFERRED
2a62313f14d9ac6192bb87f4,node_a2ebf08fc6ecdbda7361,30.407,MANUAL_REVIEW,MEDIUM,cceb975fc0c92f16f660,National Sports Museum,false,CATEGORY_INFERRED
284dd131fa4b09c290e24cf8,node_a10598852ccb355631b7,4.751,AUTO,HIGH,cceb975fc0c92f16f660,New Quay,true,CATEGORY_INFERRED
525918514bfef6e085737a07,node_4ba7c525634967429e8e,0.131,AUTO,HIGH,cceb975fc0c92f16f660,New Quay Marina,false,NOT_ASSESSED
ca1231b8eb60c584814bbee7,node_5033bcbad9f717d33752,82.245,MANUAL_REVIEW,MEDIUM,cceb975fc0c92f16f660,Newmarket Railway Station,false,NOT_ASSESSED
78cd106c7f0cabdbab4663d0,node_ecbf951952cfde85d45e,28.029,AUTO,HIGH,cceb975fc0c92f16f660,Newmarket Reserve,true,CATEGORY_INFERRED
c373e9483663bfbd7319335f,node_e9b64ff51f35def7ee78,22.903,AUTO,HIGH,cceb975fc0c92f16f660,North Melbourne Football Club,false,NOT_ASSESSED
ae8d8b2b645a246b63f46a18,node_5cdeeaf5321e83f02434,41.591,MANUAL_REVIEW,MEDIUM,cceb975fc0c92f16f660,North Melbourne Primary School,false,NOT_ASSESSED
90e92f43b58cf427334a6688,node_5dc09400c5666422004e,8.743,AUTO,HIGH,cceb975fc0c92f16f660,North Melbourne Railway Station,false,NOT_ASSESSED
2b04724807444ae543252c93,node_2dba5e3bb082b8088de4,26.862,AUTO,HIGH,cceb975fc0c92f16f660,North Melbourne Recreation Centre (Aquatic),false,NOT_ASSESSED
185952c2439860b3d81f65b6,node_de16f1a36d2e9d0195dd,20.266,AUTO,HIGH,cceb975fc0c92f16f660,North Melbourne Recreation Centre (Gymnasium),false,NOT_ASSESSED
e16dfe43c9f5e26610385aa5,node_7de53865de55a52fbd5e,27.442,AUTO,HIGH,cceb975fc0c92f16f660,North Melbourne Recreation Reserve,true,CATEGORY_INFERRED
b197cffef3aed18ed071d053,node_6bf8c2d2a1abfce5fd57,13.512,AUTO,HIGH,cceb975fc0c92f16f660,North Melbourne Uniting,false,NOT_ASSESSED
6db68e5c609f1c066f11d5ec,node_2023d4c5bbbc67413272,11.418,AUTO,HIGH,cceb975fc0c92f16f660,Old Melbourne Gaol Crime & Justice Experience,false,CATEGORY_INFERRED
10c70c40d4851f3a2fd73ceb,node_2a3e421a85b942ad787e,10.666,AUTO,HIGH,cceb975fc0c92f16f660,Old Treasury Building,false,NOT_ASSESSED
6cf2a76f340af8a68b470f9b,node_add4bb288dade170e15b,12.917,AUTO,HIGH,cceb975fc0c92f16f660,Our Lady of Lebanon Church,false,NOT_ASSESSED
4a747cf02871a237eaa3c3bb,node_1bb856b2561d8b79d100,17.447,AUTO,HIGH,cceb975fc0c92f16f660,Parliament House,false,NOT_ASSESSED
20c24425a1a454f768844fee,node_e53059be6d310cc05a89,15.889,AUTO,HIGH,cceb975fc0c92f16f660,Parliament Railway Station,false,NOT_ASSESSED
5ab993392338903007f4db4a,node_996b9071a48d31ff5483,9.505,AUTO,HIGH,cceb975fc0c92f16f660,Parliament Railway Station,false,NOT_ASSESSED
6e9cb37ebc6429c14c7bdefd,node_bfd7d3c1a1a2196e7236,2.227,AUTO,HIGH,cceb975fc0c92f16f660,Parliament Railway Station,false,NOT_ASSESSED
92f25d2db28d6c42facaf4f1,node_ae15dc49060ab13bd97a,8.977,AUTO,HIGH,cceb975fc0c92f16f660,Parliament Railway Station,false,NOT_ASSESSED
dd37165f332c918a3d7ff167,node_b56d43c2b464d800365c,4.437,AUTO,HIGH,cceb975fc0c92f16f660,Parliament Reserve,true,CATEGORY_INFERRED
3b9b12a17c19d90991e3e12f,node_1a8702fea4f89c959936,7.321,AUTO,HIGH,cceb975fc0c92f16f660,Peter Maccallum Cancer Institute,false,NOT_ASSESSED
6f8c437501992953b04d6989,node_e2c4d8a92fb487cba648,24.971,AUTO,HIGH,cceb975fc0c92f16f660,Piazza Italia,true,CATEGORY_INFERRED
64948dbc6aabda149bd8aec2,node_6bc42fec77bb4578cdba,16.717,AUTO,HIGH,cceb975fc0c92f16f660,Playhouse,false,NOT_ASSESSED
d948ee62f1b402ea6266a411,node_685010bd220e46cc5f07,4.083,AUTO,HIGH,cceb975fc0c92f16f660,Point Park,true,CATEGORY_INFERRED
1083775afa48d4d203959e26,node_0e16d3276b56e2020cda,13.208,AUTO,HIGH,cceb975fc0c92f16f660,Polly Woodside,false,CATEGORY_INFERRED
e4a8a65042c8792d27417c19,node_3214850086dd3fe26a50,69.55,MANUAL_REVIEW,MEDIUM,cceb975fc0c92f16f660,Port of Melbourne,false,NOT_ASSESSED
10517d48e983505926249921,node_f4f07a8c0b6d5191e99c,30.029,MANUAL_REVIEW,MEDIUM,cceb975fc0c92f16f660,Powlett Reserve,true,CATEGORY_INFERRED
000652de64690a95a4fe4b3c,,166.786,UNMAPPED,LOW,cceb975fc0c92f16f660,Princes Park,true,CATEGORY_INFERRED
447b9ce0fe8f35888e5c0526,node_847fb6bed4372ea345f0,0.001,AUTO,HIGH,cceb975fc0c92f16f660,Princess Theatre,false,NOT_ASSESSED
1b65b60e54631a8bd86da04c,node_30b0080f6729b1e6df77,3.599,AUTO,HIGH,cceb975fc0c92f16f660,QV Village,false,NOT_ASSESSED
928433a86ad376351f43f56f,node_94407729226423cee318,10.323,AUTO,HIGH,cceb975fc0c92f16f660,Queen Victoria Gardens,true,CATEGORY_INFERRED
dc5e32e2e3087674c29e7e97,node_40deb5489fae3bb01676,8.424,AUTO,HIGH,cceb975fc0c92f16f660,Queen Victoria Market,false,NOT_ASSESSED
3dde6a5fbd273c33184b20a4,node_82e30d1a02ccdfbef19f,14.397,AUTO,HIGH,cceb975fc0c92f16f660,RMIT University,false,NOT_ASSESSED
4d31a025b948ad477017de27,node_a9273ff20151ec14848f,25.302,AUTO,HIGH,cceb975fc0c92f16f660,Railway Good Shed No 2,false,NOT_ASSESSED
a14cfe1bdb5a49e0be67c73b,node_8ad1cf5a60b8ed861156,23.246,AUTO,HIGH,cceb975fc0c92f16f660,Regent Theatre,false,NOT_ASSESSED
90554bd04f00179f4c79e888,node_c9cafd3cc4a2442b879b,45.205,MANUAL_REVIEW,MEDIUM,cceb975fc0c92f16f660,Richmond Football Club,true,CATEGORY_INFERRED
ae44121ef69ef17bf039bb88,node_37134c69bf8fba4a979f,27.899,AUTO,HIGH,cceb975fc0c92f16f660,Richmond Railway Station (Richmond) - Train stop,false,NOT_ASSESSED
ed0504e906feb4134835f9a0,node_adb8820aa5cd88d71bb5,29.787,AUTO,HIGH,cceb975fc0c92f16f660,Riverside Park,false,NOT_ASSESSED
344d69ebc7cde6f163e56006,node_3f423bfd51cefe3811b4,17.384,AUTO,HIGH,cceb975fc0c92f16f660,Riverslide Skate Park,true,CATEGORY_INFERRED
3fdccaad0cdd882a97a6638e,node_6e736422d2fcb043f049,36.546,MANUAL_REVIEW,MEDIUM,cceb975fc0c92f16f660,Rod Laver Arena,false,NOT_ASSESSED
c8cce7e007cfde2872f0df8e,node_3e9f3c7f6df2f768d5d1,10.926,AUTO,HIGH,cceb975fc0c92f16f660,Romanian Orthodox,false,NOT_ASSESSED
2e8662e2dbdd15cd5dc27b14,node_631079d70f817c02f8bc,48.888,MANUAL_REVIEW,MEDIUM,cceb975fc0c92f16f660,Royal Botanic Gardens,true,CATEGORY_INFERRED
83235766ec4c8d7169f2cff3,node_e3b89e593242bc6060ce,69.671,MANUAL_REVIEW,MEDIUM,cceb975fc0c92f16f660,Royal Childrens Hospital,false,NOT_ASSESSED
a56a35157066d354548050a5,node_2f9ed232e2eccb3072d6,20.878,AUTO,HIGH,cceb975fc0c92f16f660,Royal Dental Hospital,false,NOT_ASSESSED
8ecae27dea5c23ca59911be5,node_33516d112a77de81da51,62.014,MANUAL_REVIEW,MEDIUM,cceb975fc0c92f16f660,Royal Exhibition Building,false,CATEGORY_INFERRED
57233625de8fc6fc2ff0bf3e,node_f92de69e0694d1235a20,42.158,MANUAL_REVIEW,MEDIUM,cceb975fc0c92f16f660,Royal Melbourne Hospital,false,NOT_ASSESSED
f67c75a23504a23d60e54f57,,160.536,UNMAPPED,LOW,cceb975fc0c92f16f660,Royal Park,true,CATEGORY_INFERRED
f664e34f78e628326704ee3b,node_ec5e735506ee8aead913,0.004,AUTO,HIGH,cceb975fc0c92f16f660,Royal Park Golf Course,false,NOT_ASSESSED
9d05e45f87c55b9118842156,node_ba3b01cb2ed1c7df0b15,11.544,AUTO,HIGH,cceb975fc0c92f16f660,Royal Park Railway Station,false,NOT_ASSESSED
db652caba1175b4a026d2d68,node_7925276ba8cab414f7c4,22.297,AUTO,HIGH,cceb975fc0c92f16f660,Royal Womens Hospital,false,NOT_ASSESSED
ff1b8ee456bab248f7993195,node_5a3d10682b985f5c7722,23.282,AUTO,HIGH,cceb975fc0c92f16f660,SBS (Special Broadcasting Service),false,NOT_ASSESSED
b39a121927558612444b7372,node_854861da725aee00d16e,10.697,AUTO,HIGH,cceb975fc0c92f16f660,Sandridge Rail Bridge,true,CATEGORY_INFERRED
fdf98e389304686c0be2e49b,node_faf60ee7666629de9d04,7.77,AUTO,HIGH,cceb975fc0c92f16f660,Scots Church,false,NOT_ASSESSED
75b5a4cff54b89c1e727e210,node_c83d608b164d1291b201,7.108,AUTO,HIGH,cceb975fc0c92f16f660,Showgrounds Railway Station (Flemington),false,NOT_ASSESSED
076fa4b0179278ed9964e305,,103.524,UNMAPPED,LOW,cceb975fc0c92f16f660,Shrine of Rembrance Reserve,true,CATEGORY_INFERRED
3d42306d91039cd996303f5f,node_d367830b49e66ef671e1,35.823,MANUAL_REVIEW,MEDIUM,cceb975fc0c92f16f660,Shrine of Remembrance,false,CATEGORY_INFERRED
610bd653b47ebea7cc431956,node_308c4587538ac5646076,31.181,MANUAL_REVIEW,MEDIUM,cceb975fc0c92f16f660,Sidney Myer Music Bowl,false,CATEGORY_INFERRED
a06724061a50a954fdc724d0,node_d3e6646679d33ac62143,9.262,AUTO,HIGH,cceb975fc0c92f16f660,Sinclair's Cottage,false,CATEGORY_INFERRED
753eae5dd60e647db7529628,node_2321dad18ad9f13e1463,27.591,AUTO,HIGH,cceb975fc0c92f16f660,South Kensington Railway Station,false,NOT_ASSESSED
95bba4bc0fbb07525dfd4922,node_7dc230e1c6b6d34c231c,23.585,AUTO,HIGH,cceb975fc0c92f16f660,South Yarra Presbyterian Church,false,NOT_ASSESSED
ba6d77abcce126eef5376a37,node_06a93d767ffaebb2c348,50.621,MANUAL_REVIEW,MEDIUM,cceb975fc0c92f16f660,Southern Cross Railway Station,false,NOT_ASSESSED
49c10e80b223c411f0e43667,node_b68a21d8c78c4cdea1b1,26.08,AUTO,HIGH,cceb975fc0c92f16f660,Southgate Arts and Leisure Precinct,false,NOT_ASSESSED
d213fd47589b9d833ed39fc3,node_3e8695e8112c6dfa90da,8.157,AUTO,HIGH,cceb975fc0c92f16f660,St Alban Anglican Church,false,NOT_ASSESSED
8c71e467196690619e5026db,node_705bac8dd4505c5eb2ab,17.574,AUTO,HIGH,cceb975fc0c92f16f660,St Augustines Church,false,NOT_ASSESSED
cd8eb37adafe538b7ca52f5c,node_83d878a263bd4322ccd9,21.83,AUTO,HIGH,cceb975fc0c92f16f660,St Francis Church,false,NOT_ASSESSED
226fc2b93cde60099be52db5,node_d4b6432dc1b6c9171474,15.211,AUTO,HIGH,cceb975fc0c92f16f660,St James Church,false,NOT_ASSESSED
ff52224e4c898cc722dd3ea3,node_a0b6bd9a27e35afc6afc,18.845,AUTO,HIGH,cceb975fc0c92f16f660,St Johns Lutheran Church,false,NOT_ASSESSED
2cd2cbe047860a48a2d5d40f,node_e8afcc946c8dc09f3647,8.003,AUTO,HIGH,cceb975fc0c92f16f660,St Martins Youth Arts Centre,false,NOT_ASSESSED
9a814687e0863a4c0e13451d,node_a953a67c595cf560d7e0,27.01,AUTO,HIGH,cceb975fc0c92f16f660,St Mary's Anglican Church,false,NOT_ASSESSED
42c061dbef9815dbd0c7ce9f,node_080d5c4513b376d9467f,6.415,AUTO,HIGH,cceb975fc0c92f16f660,St Michael's Uniting Church,false,NOT_ASSESSED
3f240dd190994e833f5a7691,node_8c5cf19fb79cf3eb5605,11.245,AUTO,HIGH,cceb975fc0c92f16f660,St Michaels,false,NOT_ASSESSED
fa19af0f58c49c99a9e0437c,node_2fbd1cc35483c6b50d26,32.949,MANUAL_REVIEW,MEDIUM,cceb975fc0c92f16f660,St Patricks Cathedral,false,NOT_ASSESSED
4bb7269c82b425e4a001631d,node_2fdbcae3d11446a8596f,21.241,AUTO,HIGH,cceb975fc0c92f16f660,St Pauls Cathedral,false,NOT_ASSESSED
ddf43b6cfe84ac35a5f81c46,node_e1898b81d3dab88ca954,12.047,AUTO,HIGH,cceb975fc0c92f16f660,St Peter's Eastern Hill,false,NOT_ASSESSED
c2d5b2613493f7c8030e618e,node_f029b1fd33b7e0000f38,8.983,AUTO,HIGH,cceb975fc0c92f16f660,St Thomas Aquinas Church,false,NOT_ASSESSED
82eaa81865718f3cc23a3c72,node_efbcf87f6c0ae773a2b8,24.868,AUTO,HIGH,cceb975fc0c92f16f660,State Coroners Office,false,NOT_ASSESSED
dd6872556561addc11caa1ee,node_f41ec396d84dfc273377,14.147,AUTO,HIGH,cceb975fc0c92f16f660,State Library Victoria,false,CATEGORY_INFERRED
16ec8e326ab0292c51918d20,node_dc71348faa64faa2ecf3,41.005,MANUAL_REVIEW,MEDIUM,cceb975fc0c92f16f660,State Netball Hockey Centre,false,NOT_ASSESSED
7d5c055ad1061af841e4308a,node_ad650cdbcbc86b9caa3b,20.354,AUTO,HIGH,cceb975fc0c92f16f660,State Theatre,false,NOT_ASSESSED
9e8ddf8a63137023215ecefc,node_aa2731409107250424f2,16.44,AUTO,HIGH,cceb975fc0c92f16f660,Supreme Court,false,CATEGORY_INFERRED
1f61f1fbda3d54d1b636623b,node_6a450ab0763f2126d4cb,10.056,AUTO,HIGH,cceb975fc0c92f16f660,The Ian Potter Centre: NGV Australia,false,CATEGORY_INFERRED
7986fb537ca5e4f12a5e26e2,node_75dfeeb25341a5e21cd4,12.566,AUTO,HIGH,cceb975fc0c92f16f660,The Ian Potter Museum Of Art,false,CATEGORY_INFERRED
a5d8aeb09f30c331bf3e0d3e,node_3c1de7054bb6e9737c23,3.501,AUTO,HIGH,cceb975fc0c92f16f660,The Melbourne Athenaeum Library,true,CATEGORY_INFERRED
006327c4fca628cab152d164,node_cfe667ffe19c3b5dbbd6,4.884,AUTO,HIGH,cceb975fc0c92f16f660,The Mission To Seafarers Victoria,false,NOT_ASSESSED
dc20c19ff5b96169e6082f41,node_b8b5d7a0adfc071c41a5,3.827,AUTO,HIGH,cceb975fc0c92f16f660,The Museum Of Australian Chinese History,false,CATEGORY_INFERRED
edbe8e5cb43f8dacaa853385,node_24ed34b812c05c67343f,11.841,AUTO,HIGH,cceb975fc0c92f16f660,The Parish of Christ Church South Yarra,false,NOT_ASSESSED
6205574536ab18dceb877d93,node_05b259c62745ac96255f,21.372,AUTO,HIGH,cceb975fc0c92f16f660,The Royal Victorian Eye & Ear Hospital,false,NOT_ASSESSED
ede4b77da7d8885e3ff02f72,node_6998e7b4cc1e01f69f9f,46.549,MANUAL_REVIEW,MEDIUM,cceb975fc0c92f16f660,Thoroughbred Racing Gallery,false,CATEGORY_INFERRED
9f5e78e27b681a6780f2d867,node_6c2a4099c48bc30436aa,9.894,AUTO,HIGH,cceb975fc0c92f16f660,Treasury Gardens,true,CATEGORY_INFERRED
54833cdc5789f26249f60225,node_1fd2a2185b84972c5f01,37.996,MANUAL_REVIEW,MEDIUM,cceb975fc0c92f16f660,Treasury Reserve,false,NOT_ASSESSED
11a5a6f8d92e82762152b431,node_49594919353971ec04ad,9.445,AUTO,HIGH,cceb975fc0c92f16f660,Ukranian Catholic Cathedral,false,NOT_ASSESSED
bd91c6d058f2e245e195c622,node_7d37f0df7d52b5dbc8cf,17.179,AUTO,HIGH,cceb975fc0c92f16f660,University High School,false,NOT_ASSESSED
75044c4540c3ccec0ff4abb8,node_58a6f167201dc429aa9d,24.068,AUTO,HIGH,cceb975fc0c92f16f660,University Square,true,CATEGORY_INFERRED
7b053019fcd0403091056722,node_73f591c7d30aae14a98a,18.119,AUTO,HIGH,cceb975fc0c92f16f660,University of Melbourne,false,NOT_ASSESSED
d7a35db0980db9463684f1f7,node_ecf8541e0338acf6cef7,49.752,MANUAL_REVIEW,MEDIUM,cceb975fc0c92f16f660,University of Melbourne (VCA and Music),false,NOT_ASSESSED
01ccf26479e7e8adef28b112,node_383eb42ad9906c58e224,9.856,AUTO,HIGH,cceb975fc0c92f16f660,Victoria Police,false,NOT_ASSESSED
b34b6e3f4c9411e9321681da,node_316b1f9ed41055273635,9.651,AUTO,HIGH,cceb975fc0c92f16f660,Victoria Police,false,NOT_ASSESSED
f63c64636db14360e6cf5696,node_b4caf5aa8b9da4abfbb4,21.17,AUTO,HIGH,cceb975fc0c92f16f660,Victoria Police,false,NOT_ASSESSED
d6063a9cd3637053b5bc25dc,node_5bc9c39561c28302e928,19.389,AUTO,HIGH,cceb975fc0c92f16f660,Victoria Police Museum,false,CATEGORY_INFERRED
f144b3652717681d89454348,node_0d538d11df67fc0d9b71,29.507,AUTO,HIGH,cceb975fc0c92f16f660,Victorian Arts Centre,false,CATEGORY_INFERRED
adaccbac6d82fcb474fdf771,node_efbcf87f6c0ae773a2b8,10.344,AUTO,HIGH,cceb975fc0c92f16f660,Victorian Insitute of Forensic Medicine,false,NOT_ASSESSED
bbad74087e4f66ec65bc748f,node_210f77879716fa5c179e,36.868,MANUAL_REVIEW,MEDIUM,cceb975fc0c92f16f660,Visy Park,false,NOT_ASSESSED
c8146d85289cdc6901c890e3,node_16fbcf801579b8b613c2,16.395,AUTO,HIGH,cceb975fc0c92f16f660,Waterfront City,false,NOT_ASSESSED
ffd2e1af4fcd59f052c723ad,node_86bec37dd0f51d68d4a4,6.079,AUTO,HIGH,cceb975fc0c92f16f660,Webb Bridge,false,NOT_ASSESSED
f846b674797ababe37007212,node_f880187b42af4453a271,10.935,AUTO,HIGH,cceb975fc0c92f16f660,Welsh Presbyterian Church,false,NOT_ASSESSED
a99dcd5e36ce39c06a61adb6,node_93b3a2d113d904d9bd92,23.848,AUTO,HIGH,cceb975fc0c92f16f660,Wesley Church,false,NOT_ASSESSED
47b97fe65b39d788028750c3,node_ad9e3951e79a9277cdb8,57.625,MANUAL_REVIEW,MEDIUM,cceb975fc0c92f16f660,Wesley College,false,NOT_ASSESSED
9ff15df6fc1744ce85e2e2d4,,242.613,UNMAPPED,LOW,cceb975fc0c92f16f660,Westgate Park,true,CATEGORY_INFERRED
c30b9bfc412c5eb1887e8c33,node_de2b5af97043257fc6c8,22.854,AUTO,HIGH,cceb975fc0c92f16f660,Westpac Centre,false,NOT_ASSESSED
409f5f40a44161cd9c349156,node_ba1d1a3bd2a8f3b71455,9.332,AUTO,HIGH,cceb975fc0c92f16f660,Wonderland Park,false,NOT_ASSESSED
bc6d1fc8959f117bdc8e041c,node_7c456fbe51d3a8abdebd,50.62,MANUAL_REVIEW,MEDIUM,cceb975fc0c92f16f660,Yarra Park,true,CATEGORY_INFERRED
