location_id,edge_id,snap_distance_m,mapping_status,mapping_confidence,network_version,sensor_name,sensor_description,source_status,quality_flags
1,edge_2aebd88a9b4f9115f9446f05,0.438,AUTO,HIGH,cceb975fc0c92f16f660,Bou292_T,Bourke Street Mall (North),A,[]
2,edge_fc9d3c9fae4b79a01ccb3bc3,0.723,AUTO,HIGH,cceb975fc0c92f16f660,Bou283_T,Bourke Street Mall (South),A,[]
3,edge_b4b07b546e5e09648c59ca0f,1.8,AUTO,HIGH,cceb975fc0c92f16f660,Swa295_T,Melbourne Central,A,[]
4,edge_d059aca71152efc48dd2b9f9,1.831,AUTO,HIGH,cceb975fc0c92f16f660,Swa123_T,Town Hall (West),A,[]
5,edge_73634a0b6115fe88a6d56e22,9.506,AUTO,HIGH,cceb975fc0c92f16f660,PriNW_T,Princes Bridge,A,[]
6,edge_d0c69ad191dc656fe8d25826,4.454,AUTO,HIGH,cceb975fc0c92f16f660,FliS_T,Flinders Underpass - Myki Barriers,A,[]
8,edge_e9f40889444330670b3a2469,0.944,AUTO,HIGH,cceb975fc0c92f16f660,WebBN_T,Webb Bridge,A,[]
9,edge_acea86a60643d6f261ad7fa4,4.06,AUTO,HIGH,cceb975fc0c92f16f660,Col700_T,Southern Cross Station,A,[]
10,edge_1757f7da8aa22df6ab21a585,4.414,AUTO,HIGH,cceb975fc0c92f16f660,BouHbr_T,Victoria Point,A,[]
11,edge_84c601c570c592692120365c,0.473,AUTO,HIGH,cceb975fc0c92f16f660,WatCit_T,Docklands Waterfront City Building Side,A,[]
12,edge_88ad44e58ddc06d7e45624fc,4.173,AUTO,HIGH,cceb975fc0c92f16f660,NewQ_T,New Quay,A,[]
14,edge_acd120ed146d121cf208daf2,3.711,AUTO,HIGH,cceb975fc0c92f16f660,SanBri_T,Sandridge Bridge,A,[]
17,edge_0b3a5bd14bb330fd02dd446a,2.183,AUTO,HIGH,cceb975fc0c92f16f660,Col15_T,Collins Place (South),A,[]
18,edge_086466482c63c05acf631526,0.817,AUTO,HIGH,cceb975fc0c92f16f660,Col12_T,Collins Place (North),A,[]
19,edge_c32fe215ff35189f235482bd,8.466,AUTO,HIGH,cceb975fc0c92f16f660,LtB210_T,Chinatown-Swanston St (North),A,[]
20,edge_79a8775074fd1d862b5d0b6c,2.39,AUTO,HIGH,cceb975fc0c92f16f660,LtB170_T,Chinatown-Lt Bourke St (South),A,[]
21,edge_0a6c99d2dbfd4b2f918d896d,0.26,AUTO,HIGH,cceb975fc0c92f16f660,Bourke155_T,155-161 Russell Street,A,[]
23,edge_5689d2db43cb2d8b191006d5,1.124,AUTO,HIGH,cceb975fc0c92f16f660,Col623_T,Spencer St-Collins St (South),A,[]
24,edge_730a51c26df9e46dd1c779e4,2.268,AUTO,HIGH,cceb975fc0c92f16f660,Col620_T,Spencer St-Collins St (North),A,[]
25,edge_b25debfcf421551d31328196,9.162,AUTO,HIGH,cceb975fc0c92f16f660,MCEC_T,Melbourne Convention Exhibition Centre,A,[]
27,edge_07f56ae59bcf17060fa20065,0.245,AUTO,HIGH,cceb975fc0c92f16f660,Vic_T,QV Market-Peel St,A,[]
29,edge_443a111e5b1b25f4f1a15ad0,2.503,AUTO,HIGH,cceb975fc0c92f16f660,AG_T,St Kilda Rd-Alexandra Gardens,A,[]
30,edge_3411b59243ca697f82b8c10f,2.104,AUTO,HIGH,cceb975fc0c92f16f660,Lon189_T,Lonsdale St (South),A,[]
31,edge_4c375e8c8db0613f5b8cae2e,0.551,AUTO,HIGH,cceb975fc0c92f16f660,Lyg161_T,Lygon St (West),A,[]
35,edge_87478c9463a1a5f3342e8ef7,1.012,AUTO,HIGH,cceb975fc0c92f16f660,SouthB_T,Southbank Promenade,A,[]
36,edge_e490efab6b8def3c2ae0efb8,2.158,AUTO,HIGH,cceb975fc0c92f16f660,Que85_T,Queen St (West),A,[]
37,edge_940758f4898d3192dbc7f3b5,0.027,AUTO,HIGH,cceb975fc0c92f16f660,Lyg260_T,Lygon St (East),A,[]
39,edge_64ea2b439b0aa31bf525a8f4,0.07,AUTO,HIGH,cceb975fc0c92f16f660,AlfPl_T,Alfred Place,A,[]
40,edge_4a21c411467464aaae12a7bf,1.832,AUTO,HIGH,cceb975fc0c92f16f660,Spr201_T,Lonsdale St-Spring St (West),A,[]
41,edge_3302c0215c5cb8c9bc2effb2,2.181,AUTO,HIGH,cceb975fc0c92f16f660,Swa31,Flinders La-Swanston St (West),A,[]
42,edge_6144a804c1300ae2e6b1cd6e,2.067,AUTO,HIGH,cceb975fc0c92f16f660,UM1_T,Grattan St-Swanston St (West),A,[]
43,edge_bce836bb4a17ff831c9f7357,5.709,AUTO,HIGH,cceb975fc0c92f16f660,UM2_T,Monash Rd-Swanston St (West),A,[]
44,edge_90517610bd671ac4d9e12680,1.874,AUTO,HIGH,cceb975fc0c92f16f660,UM3_T,Tin Alley-Swanston St (West),A,[]
45,edge_5d4a0e9ddec573992e71bec8,2.315,AUTO,HIGH,cceb975fc0c92f16f660,Swa148_T,Little Collins St-Swanston St (East),A,[]
46,edge_12493759f76dd65e3fba017f,4.218,AUTO,HIGH,cceb975fc0c92f16f660,Pel147_T,Pelham St (South),A,[]
47,edge_5746df3c3e35ec5e778a1aaa,0.048,AUTO,HIGH,cceb975fc0c92f16f660,Eli250_T,Melbourne Central-Elizabeth St (East),A,[]
48,edge_911f86e1be27ee28628196dd,1.144,AUTO,HIGH,cceb975fc0c92f16f660,QVMQ_T,QVM-Queen St (East),A,[]
49,edge_f0d2a99af008fb9be06dfc35,5.451,AUTO,HIGH,cceb975fc0c92f16f660,Eli501_T,QVM-Therry St (South),A,[]
50,edge_0ac220200dc12584adc90fe9,1.153,AUTO,HIGH,cceb975fc0c92f16f660,Lyg309_T,Faraday St-Lygon St (West),A,[]
51,edge_d900d38c1141c3376d555193,1.351,AUTO,HIGH,cceb975fc0c92f16f660,Fra118_T,QVM-Franklin St (North),A,[]
52,edge_4d2a8dab02c60f1c974309f2,1.436,AUTO,HIGH,cceb975fc0c92f16f660,Eli263_T,Elizabeth St-Lonsdale St (South),A,[]
53,edge_93c02ac7a160f090a0a91557,2.933,AUTO,HIGH,cceb975fc0c92f16f660,Col254_T,Collins Street (North),A,[]
54,edge_2c4cd4f3c768938e83423ad5,7.494,AUTO,HIGH,cceb975fc0c92f16f660,Swa607_T,Lincoln-Swanston (West),A,[]
56,edge_c0868c86f2bb3f71c0a78a37,1.737,AUTO,HIGH,cceb975fc0c92f16f660,Lon364_T,Lonsdale St - Elizabeth St (North),A,[]
58,edge_548aa23ffeb109bacbb22466,2.006,AUTO,HIGH,cceb975fc0c92f16f660,Bou688_T,Bourke St - Spencer St (North),A,[]
59,edge_e073144507834e3a89ccc1c7,0.204,AUTO,HIGH,cceb975fc0c92f16f660,RMIT_T,Building 80 RMIT,A,[]
61,edge_98f1534ad98e9b62cac99aff,0.067,AUTO,HIGH,cceb975fc0c92f16f660,RMIT14_T,RMIT Building 14,A,[]
62,edge_34cbd38728796a60adb9690a,0.919,AUTO,HIGH,cceb975fc0c92f16f660,Lat224_T,La Trobe St (North),A,[]
63,edge_10046bd2dd212c91d55722a3,1.553,AUTO,HIGH,cceb975fc0c92f16f660,Bou231_T,231 Bourke St,A,[]
66,edge_dae301b12579002abf0d4e83,3.318,AUTO,HIGH,cceb975fc0c92f16f660,QVN_T,"QV2 Apartments, 300 Swanston Street",A,[]
67,edge_fbd54a2a3a2cd9725a1ceced,2.13,AUTO,HIGH,cceb975fc0c92f16f660,FLDegS_T,Flinders Ln -Degraves St (South),A,[]
68,edge_e3f34fff5779283b395d13aa,0.174,AUTO,HIGH,cceb975fc0c92f16f660,FLDegN_T,Flinders Ln -Degraves St (North),A,[]
69,edge_70669bd9436487817fea2259,0.725,AUTO,HIGH,cceb975fc0c92f16f660,FLDegC_T,Flinders Ln -Degraves St (Crossing),A,[]
70,edge_2815b2045c84867c76f2d50a,8.791,AUTO,HIGH,cceb975fc0c92f16f660,Errol20_T,Errol Street (East),A,[]
71,edge_78f888bf3f971718e1d7139f,0.782,AUTO,HIGH,cceb975fc0c92f16f660,WestWP_T,Westwood Place,A,[]
72,edge_b38b4a81318ca46aab17f548,2.246,AUTO,HIGH,cceb975fc0c92f16f660,ACMI_T,Flinders St- ACMI,A,[]
75,edge_cff94c8ab4bfd608847b7cd1,3.329,AUTO,HIGH,cceb975fc0c92f16f660,SprFli_T,Spring St- Flinders st (West),A,[]
76,edge_27eed45992f2edabe36d9bd3,0.88,AUTO,HIGH,cceb975fc0c92f16f660,KenMac_T,Macaulay Rd- Bellair St,A,[]
77,edge_d98d4b991ad8d5b926de374e,4.529,AUTO,HIGH,cceb975fc0c92f16f660,HarEsP_T,Harbour Esplanade (West) - Pedestrian path,A,[]
79,edge_411686405d08f281d99b7414,0.708,AUTO,HIGH,cceb975fc0c92f16f660,FliSS_T,Flinders St (South),A,[]
80,edge_556b87ac68fbfbf48656898e,9.346,AUTO,HIGH,cceb975fc0c92f16f660,BoCoR_T,Boyd Commuinty - Rear door,A,[]
81,edge_58950dc0acadfca1cbc280c3,16.63,MANUAL_REVIEW,MEDIUM,cceb975fc0c92f16f660,BoCoF_T,Boyd Commuinty - Front door,A,[]
82,edge_eeaaa493dcb8d434aaeddb71,0.32,AUTO,HIGH,cceb975fc0c92f16f660,Eli512_T,512 Elizabeth Street,A,[]
83,edge_2a4a2ac9cbc3c9f82c1d05f1,3.449,AUTO,HIGH,cceb975fc0c92f16f660,Eli510_T,510 Elizabeth Street,A,[]
84,edge_a25f956c72ad09d3432521f5,0.641,AUTO,HIGH,cceb975fc0c92f16f660,ElFi_T,Elizabeth St - Flinders St (East) - New footpath,A,[]
85,edge_18e2823920c5d6f65fadd5c9,1.18,AUTO,HIGH,cceb975fc0c92f16f660,488Mac_T,Macaulay Rd (North),A,[]
86,edge_fc9b9d5a83d3f688748fffef,1.374,AUTO,HIGH,cceb975fc0c92f16f660,574Qub_T,Queensberry St - Errol St (South),A,[]
87,edge_f57bd281f4f7a30998ef938a,5.478,AUTO,HIGH,cceb975fc0c92f16f660,Errol23_T,Errol St (West),A,[]
89,edge_f515202e18eccd94a575ea2c,4.761,AUTO,HIGH,cceb975fc0c92f16f660,CityLi_T,City Library,A,[]
90,edge_232325a8f9908aca16a2642d,2.352,AUTO,HIGH,cceb975fc0c92f16f660,BoCoL_T,Boyd Community Hub- Library,A,[]
91,edge_30e8d83fbb974bb3d3b45b2c,6.818,AUTO,HIGH,cceb975fc0c92f16f660,DocLib1_T,Library at The Dock-North side,A,[]
92,edge_30e8d83fbb974bb3d3b45b2c,11.305,MANUAL_REVIEW,MEDIUM,cceb975fc0c92f16f660,DocLib2_T,Library at The Dock-South side,A,[]
93,edge_442b012a5ced29ec0933c118,8.834,AUTO,HIGH,cceb975fc0c92f16f660,EastLib_T,East Melbourne Library,A,[]
94,edge_7303f7e724d553eb6909c7d6,18.134,MANUAL_REVIEW,MEDIUM,cceb975fc0c92f16f660,FitConVis_T,Fitzroy Garden- The Conservatory,A,[]
95,edge_18dfdd5d6755a70b3ce62cf2,16.749,MANUAL_REVIEW,MEDIUM,cceb975fc0c92f16f660,FitGarExtVisExt_T,Fitzroy Garden Visitor Centre External,A,[]
96,edge_18dfdd5d6755a70b3ce62cf2,4.063,AUTO,HIGH,cceb975fc0c92f16f660,FitGarVisIInt_T,Fitzroy Garden Visitor Centre Internal,A,[]
99,edge_d8dbe775149f70e7de7260a6,1.384,AUTO,HIGH,cceb975fc0c92f16f660,TownVis_T,Town Hall Visitor Centre,A,[]
102,edge_3675e1e8a133af054c3bb8a2,3.406,AUTO,HIGH,cceb975fc0c92f16f660,NtMelLib_T,North Melbourne Library,A,[]
103,edge_c484a230e55702101402a082,2.435,AUTO,HIGH,cceb975fc0c92f16f660,KenTown_T,Kensington Town Hall,A,[]
104,edge_5cb135e8cf0609e3cb709774,1.425,AUTO,HIGH,cceb975fc0c92f16f660,KatLib1_T,Kathleen Syme Library Main,A,[]
105,edge_5cb135e8cf0609e3cb709774,8.878,AUTO,HIGH,cceb975fc0c92f16f660,KatLib2_T,Kathleen Syme Library Lib,A,[]
106,edge_dcd9d1269340c5966bfeeeca,16.332,MANUAL_REVIEW,MEDIUM,cceb975fc0c92f16f660,KatLib3_T,Kathleen Syme Library Cafe,A,[]
107,edge_6f45b9784edac5449fb1758e,0.509,AUTO,HIGH,cceb975fc0c92f16f660,280Will_T,Royal Mint 280 William St,A,[]
108,edge_ff896a786f7b53797a6c8b82,0.937,AUTO,HIGH,cceb975fc0c92f16f660,261Will_T,William St - Little Lonsdale St (West),A,[]
109,edge_8bb32689b663131c19b79cef,0.553,AUTO,HIGH,cceb975fc0c92f16f660,LatWill_T,La Trobe St- William St (South),A,[]
116,edge_18dfdd5d6755a70b3ce62cf2,12.811,MANUAL_REVIEW,MEDIUM,cceb975fc0c92f16f660,FitCafVis_T,Fitzroy Garden Visitor Centre Cafe Verandah,A,[]
117,edge_7e2b53629cb7a1aeca661c5b,1.182,AUTO,HIGH,cceb975fc0c92f16f660,Fli114F_T,114 Flinders Street Car Park Footpath,A,[]
118,edge_f3e7193d7e8902f733ca7602,1.849,AUTO,HIGH,cceb975fc0c92f16f660,Fli114C_T,114 Flinders Street Car Park Crossing,A,[]
123,edge_c8732890a6a273ca165b7c9b,9.076,AUTO,HIGH,cceb975fc0c92f16f660,BirBridge_T,Birrarung Marr East - Batman Ave Bridge Entry,A,[]
124,edge_8499412dacf32a7fa687d40c,5.989,AUTO,HIGH,cceb975fc0c92f16f660,BirBridge_T,Birrarung Marr East - Batman Ave Bridge Entry,A,[]
130,edge_a79083581789865c67ecc12e,0.012,AUTO,HIGH,cceb975fc0c92f16f660,Bou892T,I-Hub 892 Bourke Street,A,[]
131,edge_a28c4f292311a3f1b82149f4,0.263,AUTO,HIGH,cceb975fc0c92f16f660,King2_T,I-Hub Corner of King Street and Flinders Street (2-6 King),A,[]
132,edge_b3870205c81f0685a1e82050,0.666,AUTO,HIGH,cceb975fc0c92f16f660,King335_T,I-Hub Corner of King Street and Latrobe Street (317-335 King),A,[]
133,edge_97573452a802dd733c75d9b0,2.23,AUTO,HIGH,cceb975fc0c92f16f660,Spen229_T,I-Hub Southern Cross Station - Lonsdale Street Entrance - South,A,[]
134,edge_c368ded787881cf7410bd520,3.813,AUTO,HIGH,cceb975fc0c92f16f660,Spen201_T,I-Hub Southern Cross Station - Bourke Street Entrance - North,A,[]
135,edge_6c53b6132c0c4e4a1b78e2a5,2.813,AUTO,HIGH,cceb975fc0c92f16f660,Spen161_T,I-Hub Southern Cross Station - Bourke Street Entrance - South,A,[]
136,edge_89f71ceb7cfa1de45a024e64,2.427,AUTO,HIGH,cceb975fc0c92f16f660,BirFed1120_T,"COM Pole 1120 - Towards the City, Near Federation Square Bridge",A,[]
137,edge_96d13f6f22742ea475610d3f,12.223,MANUAL_REVIEW,MEDIUM,cceb975fc0c92f16f660,BouHbr2353_T,"COM Pole 2353 - Towards the city, NAB Building",A,[]
138,edge_051a94ac5e0e70bf844cc3b0,17.217,MANUAL_REVIEW,MEDIUM,cceb975fc0c92f16f660,EntPark1671_T,"COM Pole 1671 - Enterprize Park, Queens Bridge",A,[]
139,edge_262c87cc66977a472cc80182,0.126,AUTO,HIGH,cceb975fc0c92f16f660,Signal1647_T,COM Pole 1647 - Sandridge Bridge Signal Box,A,[]
140,edge_0aee330edb9009e9c3b4c42a,15.008,MANUAL_REVIEW,MEDIUM,cceb975fc0c92f16f660,Boyd2837_T,COM Pole 2837 - Boyd Park,A,[]
141,edge_5a25ad71c97b853c185e79e7,0.933,AUTO,HIGH,cceb975fc0c92f16f660,474Fl_T,Awning of Nationwide Parking 474 Flinders Street,A,[]
142,edge_3f01f092c4d13a2f92481219,1.198,AUTO,HIGH,cceb975fc0c92f16f660,Hammer1584_T,COM Pole 1584 - Hammer Hall Entrance,A,[]
143,edge_4f0b2b1f6f8e2b8856be56f2,0.443,AUTO,HIGH,cceb975fc0c92f16f660,Spencer_T,"Mounted on Toilet - Spencer Street, Batman Park",A,[]
144,edge_fc3a62a09ecff5999b1d3c33,0.49,AUTO,HIGH,cceb975fc0c92f16f660,narrLibL1L1_T,narrm ngarrgu Library - Level 1 - Lift 1,A,[]
145,edge_f799af0d684025927e9d012d,2.036,AUTO,HIGH,cceb975fc0c92f16f660,narrLibL1L2_T,narrm ngarrgu Library - Level 1 - Lift 2,A,[]
146,edge_deb112b5008a3f234460fbfd,1.276,AUTO,HIGH,cceb975fc0c92f16f660,narrLibL1L3_T,narrm ngarrgu Library - Level 1 - Lift 3,A,[]
147,edge_6d2d291874eb0dbef5fb9dec,2.006,AUTO,HIGH,cceb975fc0c92f16f660,narrLibMRL1_T,narrm ngarrgu Library - Level 1 - Meeting Room Lift 1,A,[]
148,edge_2d8555ba3ca27c4516614071,5.663,AUTO,HIGH,cceb975fc0c92f16f660,narrLibMRL2_T,narrm ngarrgu Library - Level 1 - Meeting Room Lift 2,A,[]
149,edge_65833f4b3d6a3cae858868aa,3.696,AUTO,HIGH,cceb975fc0c92f16f660,narrLibL1MA_T,narrm ngarrgu Library - Level 1 Main Stairs A,A,[]
150,edge_8691d4aa16e713f3bf9b54c9,2.431,AUTO,HIGH,cceb975fc0c92f16f660,narrLibL1MB_T,narrm ngarrgu Library - Level 1 Main Stairs B,A,[]
151,edge_f799af0d684025927e9d012d,8.017,AUTO,HIGH,cceb975fc0c92f16f660,narrLibL2CA_T,narrm ngarrgu Library - Level 2 - Collections Stairs A,A,[]
152,edge_deb112b5008a3f234460fbfd,4.926,AUTO,HIGH,cceb975fc0c92f16f660,narrLibL2S1_T,narrm ngarrgu Library - Level 2 - Study Area Lifts 1,A,[]
153,edge_2d8555ba3ca27c4516614071,2.754,AUTO,HIGH,cceb975fc0c92f16f660,narrLibL2S2_T,narrm ngarrgu Library - Level 2 - Study Area Lifts 2,A,[]
154,edge_f799af0d684025927e9d012d,15.345,MANUAL_REVIEW,MEDIUM,cceb975fc0c92f16f660,narrLibL3C1_T,narrm ngarrgu Library - Level 3 Children's Library Door 1,A,[]
155,edge_deb112b5008a3f234460fbfd,6.31,AUTO,HIGH,cceb975fc0c92f16f660,narrLibL#C2_T,narrm ngarrgu Library - Level 3 Children's Library Door 2,A,[]
158,edge_2f6da0ae00a5d33306f871fa,5.841,AUTO,HIGH,cceb975fc0c92f16f660,Eli514_T,514 Elizebeth Street,A,[]
159,edge_86ae6744e65836a33bac8ef8,6.944,AUTO,HIGH,cceb975fc0c92f16f660,Eli516_T,516 Elizeberth Street,A,[]
160,edge_410740116586adeec34f589a,6.108,AUTO,HIGH,cceb975fc0c92f16f660,Swa420_T,"City Baths, 420 Swanston Street - Main Entry",A,[]
161,edge_b2c4f481116f78973d41ca3b,1.782,AUTO,HIGH,cceb975fc0c92f16f660,BirArt1109_T,Birrarung Marr - COM - Pole 1109,A,[]
162,edge_cd36a3855db2f30b263d6167,2.735,AUTO,HIGH,cceb975fc0c92f16f660,Eli489_T,iHub 489 Elizabeth Street,A,[]
164,edge_99abf402b3685e8dedd5f08c,2.0,AUTO,HIGH,cceb975fc0c92f16f660,Lat526_T,I-Hub 526 La Trobe Street (Footpath),A,[]
165,edge_9af2d76692481f7d37aac236,0.001,AUTO,HIGH,cceb975fc0c92f16f660,Spen475_T,475 Spencer Street,A,[]
166,edge_76bc4d90fc1fc554c118768f,0.767,AUTO,HIGH,cceb975fc0c92f16f660,Spen484_T,484 Spencer Street,A,[]
167,edge_55531898cdae33aef9b757eb,1.063,AUTO,HIGH,cceb975fc0c92f16f660,Lat526_T,I-Hub 526 La Trobe Street (Crossing),A,[]
179,edge_77245585c49b2ef03601f030,0.637,AUTO,HIGH,cceb975fc0c92f16f660,Pow61_T,61-67 Power Street Southbank,A,[]
180,edge_e7e95d8fd16d2f2d378d3676,1.251,AUTO,HIGH,cceb975fc0c92f16f660,Mac330_T,"Pumping Station No.2, 330 Macaulay Road",A,[]
181,edge_834ef15470ae4a111c6ee872,1.667,AUTO,HIGH,cceb975fc0c92f16f660,Eli368_T,368 Elizabeth Street,A,[]
182,edge_0547e137e51a07dcb3f50cad,0.423,AUTO,HIGH,cceb975fc0c92f16f660,King163_T,163 King Street,A,[]
184,edge_a3cd766969c23911ac600cc9,0.268,AUTO,HIGH,cceb975fc0c92f16f660,Eli124_T,124 Elizabeth Street,A,[]
185,edge_eaf48d37c90b02cb9b73aad5,0.131,AUTO,HIGH,cceb975fc0c92f16f660,Eli197_T,197 Elizabeth Street,A,[]
187,edge_398d02ad2ca797ebea8ade9e,0.728,AUTO,HIGH,cceb975fc0c92f16f660,Swa330_T,RMIT Building 22 - 330 Swanston Street,A,[]
188,edge_d5d1c4433ba8d07cf1ea40a7,8.212,AUTO,HIGH,cceb975fc0c92f16f660,RMIT51_T,RMIT Building 51 - 80-92 Victoria Street,A,[]
209,edge_d0c69ad191dc656fe8d25826,2.895,AUTO,HIGH,cceb975fc0c92f16f660,FliS_T,Flinders Underpass - Walkway,A,[]
